GameKey,GameCode,GameTitle,Franchise,Genre,Platform,DeveloperStudio,PublisherDivision,ReleaseDate,ESRBRating,ListPrice,UnitCost
1,G1000,Game_0,Franchise_0,Simulation,PlayStation,NovaForge,Apex Interactive,2021-08-02,E,49.63,19.95
2,G1001,Game_1,Franchise_1,Sports,Xbox,NovaForge,RedComet Games,2018-08-17,T,54.0,5.83
3,G1002,Game_2,Franchise_2,Racing,PlayStation,PixelCore,NorthStar Publishing,2018-02-21,T,31.53,14.09
4,G1003,Game_3,Franchise_3,Simulation,Switch,QuantumPlay,NorthStar Publishing,2022-02-27,E,42.83,23.32
5,G1004,Game_4,Franchise_4,Strategy,PC,PixelCore,RedComet Games,2019-07-18,T,29.51,25.51
6,G1005,Game_5,Franchise_5,Racing,PC,PixelCore,NorthStar Publishing,2019-05-17,E,22.61,12.83
7,G1006,Game_6,Franchise_6,Racing,Switch,PixelCore,RedComet Games,2019-04-03,E,38.91,24.96
8,G1007,Game_7,Franchise_7,Simulation,PC,IronOrbit,RedComet Games,2018-10-13,E,38.14,29.19
9,G1008,Game_8,Franchise_8,RPG,Switch,IronOrbit,RedComet Games,2022-02-17,E,69.76,26.42
10,G1009,Game_9,Franchise_9,Strategy,Switch,PixelCore,RedComet Games,2018-07-29,T,42.31,7.94
11,G1010,Game_10,Franchise_10,Simulation,Switch,QuantumPlay,RedComet Games,2021-10-17,E,36.67,23.49
12,G1011,Game_11,Franchise_11,Strategy,PC,NovaForge,Apex Interactive,2022-02-25,E,49.01,12.99
13,G1012,Game_12,Franchise_12,Strategy,PlayStation,QuantumPlay,NorthStar Publishing,2023-01-02,T,24.43,29.71
14,G1013,Game_13,Franchise_13,Racing,Switch,AtlasWorks,Apex Interactive,2021-01-21,T,68.07,17.13
15,G1014,Game_14,Franchise_14,Sports,Xbox,IronOrbit,NorthStar Publishing,2018-06-28,M,51.74,8.06
16,G1015,Game_15,Franchise_15,Strategy,PC,NovaForge,Apex Interactive,2021-04-24,T,57.73,23.13
17,G1016,Game_16,Franchise_16,Adventure,Switch,NovaForge,RedComet Games,2020-05-14,T,28.51,13.08
18,G1017,Game_17,Franchise_17,Racing,Switch,AtlasWorks,NorthStar Publishing,2018-03-07,M,40.46,29.93
19,G1018,Game_18,Franchise_18,RPG,Xbox,AtlasWorks,NorthStar Publishing,2018-03-03,T,41.12,29.49
20,G1019,Game_19,Franchise_19,Sports,PlayStation,PixelCore,Apex Interactive,2018-07-11,T,61.08,21.4
21,G1020,Game_20,Franchise_0,Adventure,PlayStation,IronOrbit,Apex Interactive,2019-03-24,T,20.05,8.25
22,G1021,Game_21,Franchise_1,Adventure,PlayStation,IronOrbit,NorthStar Publishing,2019-04-22,T,35.03,22.17
23,G1022,Game_22,Franchise_2,RPG,Switch,QuantumPlay,Apex Interactive,2020-10-31,M,69.05,7.33
24,G1023,Game_23,Franchise_3,Sports,Switch,PixelCore,Apex Interactive,2021-05-17,T,43.73,5.73
25,G1024,Game_24,Franchise_4,Racing,Switch,PixelCore,Apex Interactive,2018-02-24,T,39.12,25.57
26,G1025,Game_25,Franchise_5,Action,PC,PixelCore,RedComet Games,2021-02-23,M,25.98,10.24
27,G1026,Game_26,Franchise_6,Sports,Xbox,PixelCore,RedComet Games,2019-02-12,E,68.7,14.48
28,G1027,Game_27,Franchise_7,RPG,Switch,IronOrbit,Apex Interactive,2022-01-06,M,20.99,29.34
29,G1028,Game_28,Franchise_8,Adventure,Xbox,IronOrbit,Apex Interactive,2021-08-23,E,56.85,13.42
30,G1029,Game_29,Franchise_9,Racing,Xbox,PixelCore,RedComet Games,2021-12-07,M,58.42,12.41
31,G1030,Game_30,Franchise_10,Sports,PlayStation,QuantumPlay,RedComet Games,2021-01-21,M,32.17,27.96
32,G1031,Game_31,Franchise_11,Action,PC,NovaForge,NorthStar Publishing,2020-05-09,T,53.57,7.77
33,G1032,Game_32,Franchise_12,Action,Switch,NovaForge,NorthStar Publishing,2019-03-28,E,24.64,23.99
34,G1033,Game_33,Franchise_13,Strategy,PlayStation,QuantumPlay,RedComet Games,2020-07-08,T,32.84,29.7
35,G1034,Game_34,Franchise_14,Strategy,PlayStation,PixelCore,Apex Interactive,2021-04-21,E,59.39,27.53
36,G1035,Game_35,Franchise_15,Simulation,Switch,IronOrbit,Apex Interactive,2019-07-24,M,63.22,21.29
37,G1036,Game_36,Franchise_16,RPG,Xbox,NovaForge,Apex Interactive,2022-07-16,M,50.41,12.85
38,G1037,Game_37,Franchise_17,Sports,PlayStation,AtlasWorks,Apex Interactive,2022-11-16,E,45.33,11.36
39,G1038,Game_38,Franchise_18,Sports,Xbox,AtlasWorks,NorthStar Publishing,2018-01-14,T,27.96,25.48
40,G1039,Game_39,Franchise_19,Simulation,PC,QuantumPlay,RedComet Games,2022-04-04,T,23.15,27.0
41,G1040,Game_40,Franchise_0,Adventure,Xbox,PixelCore,Apex Interactive,2022-07-09,T,25.87,18.14
42,G1041,Game_41,Franchise_1,Adventure,PC,NovaForge,NorthStar Publishing,2018-11-23,T,31.36,11.11
43,G1042,Game_42,Franchise_2,Simulation,Xbox,PixelCore,Apex Interactive,2021-11-30,M,37.07,7.82
44,G1043,Game_43,Franchise_3,Adventure,PlayStation,NovaForge,RedComet Games,2020-05-15,M,39.04,7.18
45,G1044,Game_44,Franchise_4,Strategy,PlayStation,QuantumPlay,NorthStar Publishing,2019-11-28,M,37.31,22.98
46,G1045,Game_45,Franchise_5,Sports,PC,QuantumPlay,RedComet Games,2019-07-24,M,31.94,15.5
47,G1046,Game_46,Franchise_6,Simulation,Switch,AtlasWorks,RedComet Games,2018-11-15,M,45.48,27.63
48,G1047,Game_47,Franchise_7,Sports,PC,PixelCore,NorthStar Publishing,2019-03-17,T,61.25,23.49
49,G1048,Game_48,Franchise_8,Action,PC,AtlasWorks,NorthStar Publishing,2023-05-15,T,33.98,9.78
50,G1049,Game_49,Franchise_9,Strategy,Xbox,PixelCore,NorthStar Publishing,2022-04-13,T,67.11,20.34
51,G1050,Game_50,Franchise_10,Racing,Xbox,AtlasWorks,NorthStar Publishing,2019-11-21,T,63.66,15.89
52,G1051,Game_51,Franchise_11,Strategy,PC,IronOrbit,NorthStar Publishing,2018-07-29,M,28.08,19.43
53,G1052,Game_52,Franchise_12,Simulation,PlayStation,IronOrbit,NorthStar Publishing,2018-07-09,M,59.3,23.45
54,G1053,Game_53,Franchise_13,Racing,Xbox,IronOrbit,NorthStar Publishing,2020-02-18,M,48.72,25.15
55,G1054,Game_54,Franchise_14,Action,Switch,IronOrbit,Apex Interactive,2018-07-18,E,48.32,26.09
56,G1055,Game_55,Franchise_15,Simulation,Xbox,NovaForge,RedComet Games,2020-01-06,T,39.54,11.35
57,G1056,Game_56,Franchise_16,RPG,Xbox,IronOrbit,NorthStar Publishing,2022-10-02,T,45.05,5.78
58,G1057,Game_57,Franchise_17,Sports,Switch,QuantumPlay,Apex Interactive,2019-12-06,M,39.85,23.48
59,G1058,Game_58,Franchise_18,Action,PC,QuantumPlay,Apex Interactive,2021-05-21,T,46.98,7.66
60,G1059,Game_59,Franchise_19,Sports,Switch,NovaForge,Apex Interactive,2019-06-26,T,51.39,12.87
61,G1060,Game_60,Franchise_0,Adventure,PC,IronOrbit,RedComet Games,2022-07-11,M,53.71,5.1
62,G1061,Game_61,Franchise_1,RPG,PC,IronOrbit,NorthStar Publishing,2018-03-30,E,46.61,22.04
63,G1062,Game_62,Franchise_2,RPG,PC,IronOrbit,Apex Interactive,2022-02-03,E,56.06,9.18
64,G1063,Game_63,Franchise_3,Action,Switch,AtlasWorks,RedComet Games,2020-07-29,E,27.05,21.38
65,G1064,Game_64,Franchise_4,RPG,PC,PixelCore,RedComet Games,2021-01-03,M,30.59,29.79
66,G1065,Game_65,Franchise_5,Racing,PlayStation,AtlasWorks,RedComet Games,2018-09-13,T,60.93,6.82
67,G1066,Game_66,Franchise_6,RPG,Switch,PixelCore,Apex Interactive,2023-06-16,M,36.12,6.93
68,G1067,Game_67,Franchise_7,Sports,PlayStation,IronOrbit,NorthStar Publishing,2023-03-04,M,21.13,13.51
69,G1068,Game_68,Franchise_8,Sports,PC,IronOrbit,Apex Interactive,2020-02-15,T,27.68,26.66
70,G1069,Game_69,Franchise_9,Simulation,Xbox,AtlasWorks,Apex Interactive,2018-06-11,E,31.17,10.39
71,G1070,Game_70,Franchise_10,Sports,PC,AtlasWorks,NorthStar Publishing,2021-02-04,E,67.86,14.01
72,G1071,Game_71,Franchise_11,Simulation,PlayStation,PixelCore,NorthStar Publishing,2019-08-24,M,48.64,6.71
73,G1072,Game_72,Franchise_12,Sports,PlayStation,QuantumPlay,NorthStar Publishing,2022-08-26,E,66.63,24.08
74,G1073,Game_73,Franchise_13,Racing,Switch,PixelCore,RedComet Games,2021-07-11,M,48.75,15.21
75,G1074,Game_74,Franchise_14,Simulation,Xbox,AtlasWorks,NorthStar Publishing,2021-06-20,M,43.96,23.98
76,G1075,Game_75,Franchise_15,Strategy,Switch,AtlasWorks,Apex Interactive,2022-12-19,T,35.68,27.59
77,G1076,Game_76,Franchise_16,Adventure,PlayStation,NovaForge,NorthStar Publishing,2022-10-31,T,50.31,10.82
78,G1077,Game_77,Franchise_17,Action,PC,AtlasWorks,Apex Interactive,2020-01-11,T,26.95,25.18
79,G1078,Game_78,Franchise_18,Sports,Xbox,NovaForge,RedComet Games,2021-03-28,M,64.9,6.48
80,G1079,Game_79,Franchise_19,RPG,PC,QuantumPlay,Apex Interactive,2019-01-29,T,61.46,27.47
81,G1080,Game_80,Franchise_0,Sports,PC,PixelCore,Apex Interactive,2021-12-13,E,35.87,21.27
82,G1081,Game_81,Franchise_1,RPG,Xbox,PixelCore,NorthStar Publishing,2018-05-23,E,67.63,26.86
83,G1082,Game_82,Franchise_2,Adventure,Switch,NovaForge,NorthStar Publishing,2018-04-04,M,61.25,5.0
84,G1083,Game_83,Franchise_3,Adventure,PC,PixelCore,Apex Interactive,2021-09-16,M,53.31,9.23
85,G1084,Game_84,Franchise_4,Adventure,PlayStation,AtlasWorks,NorthStar Publishing,2019-04-12,T,26.08,14.74
86,G1085,Game_85,Franchise_5,RPG,PC,IronOrbit,RedComet Games,2022-05-03,M,43.9,14.49
87,G1086,Game_86,Franchise_6,Sports,Xbox,NovaForge,RedComet Games,2019-08-16,M,45.3,10.67
88,G1087,Game_87,Franchise_7,Adventure,Xbox,PixelCore,NorthStar Publishing,2018-06-13,E,31.62,14.54
89,G1088,Game_88,Franchise_8,Racing,Xbox,NovaForge,RedComet Games,2022-10-18,E,23.99,8.22
90,G1089,Game_89,Franchise_9,Simulation,Switch,NovaForge,NorthStar Publishing,2019-04-22,T,58.83,15.32
91,G1090,Game_90,Franchise_10,RPG,PC,IronOrbit,Apex Interactive,2022-11-10,M,26.09,25.06
92,G1091,Game_91,Franchise_11,RPG,Switch,AtlasWorks,Apex Interactive,2018-07-26,M,49.7,16.98
93,G1092,Game_92,Franchise_12,Sports,Switch,NovaForge,RedComet Games,2020-02-18,E,66.81,5.45
94,G1093,Game_93,Franchise_13,RPG,Xbox,PixelCore,NorthStar Publishing,2019-07-24,M,63.8,15.54
95,G1094,Game_94,Franchise_14,RPG,Xbox,QuantumPlay,NorthStar Publishing,2020-07-17,E,33.88,5.68
96,G1095,Game_95,Franchise_15,Adventure,Switch,NovaForge,RedComet Games,2021-07-25,T,62.56,29.16
97,G1096,Game_96,Franchise_16,Sports,PC,NovaForge,Apex Interactive,2022-09-05,E,20.01,8.19
98,G1097,Game_97,Franchise_17,Adventure,PlayStation,IronOrbit,RedComet Games,2020-01-18,M,20.87,22.69
99,G1098,Game_98,Franchise_18,Simulation,Switch,AtlasWorks,Apex Interactive,2018-11-30,T,50.12,29.32
100,G1099,Game_99,Franchise_19,Simulation,PC,QuantumPlay,NorthStar Publishing,2020-01-29,E,38.23,25.65
101,G1100,Game_100,Franchise_0,Adventure,Xbox,PixelCore,Apex Interactive,2019-12-29,E,39.31,22.48
102,G1101,Game_101,Franchise_1,Simulation,Xbox,QuantumPlay,RedComet Games,2019-03-06,T,48.21,25.99
103,G1102,Game_102,Franchise_2,Sports,PC,PixelCore,NorthStar Publishing,2021-10-04,T,29.58,29.54
104,G1103,Game_103,Franchise_3,Action,PlayStation,AtlasWorks,RedComet Games,2019-07-01,E,30.58,20.53
105,G1104,Game_104,Franchise_4,Adventure,Xbox,PixelCore,RedComet Games,2021-12-08,M,44.22,18.98
106,G1105,Game_105,Franchise_5,Racing,Xbox,IronOrbit,Apex Interactive,2023-04-03,E,57.7,20.71
107,G1106,Game_106,Franchise_6,Racing,Xbox,IronOrbit,RedComet Games,2021-10-31,T,50.96,18.32
108,G1107,Game_107,Franchise_7,RPG,PC,IronOrbit,Apex Interactive,2021-08-20,E,34.86,20.88
109,G1108,Game_108,Franchise_8,Simulation,Switch,IronOrbit,NorthStar Publishing,2018-05-27,T,41.51,16.25
110,G1109,Game_109,Franchise_9,Racing,Xbox,QuantumPlay,Apex Interactive,2021-06-01,T,28.52,10.46
111,G1110,Game_110,Franchise_10,RPG,Switch,AtlasWorks,NorthStar Publishing,2021-07-24,M,23.72,8.01
112,G1111,Game_111,Franchise_11,Action,PlayStation,PixelCore,Apex Interactive,2018-12-17,T,59.12,6.71
113,G1112,Game_112,Franchise_12,Sports,Xbox,PixelCore,RedComet Games,2020-12-29,T,33.26,11.58
114,G1113,Game_113,Franchise_13,Sports,Xbox,IronOrbit,Apex Interactive,2022-02-02,M,28.88,6.15
115,G1114,Game_114,Franchise_14,Sports,PlayStation,IronOrbit,Apex Interactive,2019-05-17,T,54.57,19.18
116,G1115,Game_115,Franchise_15,Racing,Xbox,NovaForge,NorthStar Publishing,2018-12-01,M,50.89,12.1
117,G1116,Game_116,Franchise_16,Action,Switch,AtlasWorks,RedComet Games,2020-08-04,M,51.65,25.61
118,G1117,Game_117,Franchise_17,Racing,PC,QuantumPlay,Apex Interactive,2020-02-17,T,31.43,6.86
119,G1118,Game_118,Franchise_18,Simulation,Switch,PixelCore,RedComet Games,2019-07-07,T,31.62,10.66
120,G1119,Game_119,Franchise_19,Racing,PC,NovaForge,Apex Interactive,2023-03-11,E,31.03,23.26
121,G1120,Game_120,Franchise_0,Action,PC,NovaForge,Apex Interactive,2021-08-03,M,28.68,19.97
122,G1121,Game_121,Franchise_1,Action,Switch,PixelCore,RedComet Games,2021-11-10,E,52.78,6.61
123,G1122,Game_122,Franchise_2,Simulation,Switch,QuantumPlay,Apex Interactive,2021-02-14,T,62.39,26.93
124,G1123,Game_123,Franchise_3,Action,Switch,NovaForge,RedComet Games,2019-03-26,E,56.21,26.93
125,G1124,Game_124,Franchise_4,Action,Switch,NovaForge,Apex Interactive,2021-11-03,M,59.59,13.26
126,G1125,Game_125,Franchise_5,Sports,PlayStation,AtlasWorks,NorthStar Publishing,2019-10-27,E,40.23,13.51
127,G1126,Game_126,Franchise_6,Simulation,Xbox,QuantumPlay,RedComet Games,2022-09-23,M,52.69,29.73
128,G1127,Game_127,Franchise_7,Strategy,PC,NovaForge,Apex Interactive,2022-04-23,T,37.7,20.65
129,G1128,Game_128,Franchise_8,Strategy,Switch,QuantumPlay,Apex Interactive,2022-05-09,T,46.27,18.28
130,G1129,Game_129,Franchise_9,Action,Switch,PixelCore,NorthStar Publishing,2018-04-25,M,44.07,25.95
131,G1130,Game_130,Franchise_10,Strategy,Switch,IronOrbit,RedComet Games,2019-04-15,T,28.83,12.13
132,G1131,Game_131,Franchise_11,Strategy,PlayStation,NovaForge,Apex Interactive,2022-08-11,T,39.34,15.73
133,G1132,Game_132,Franchise_12,Action,Switch,AtlasWorks,NorthStar Publishing,2018-03-07,T,68.18,11.69
134,G1133,Game_133,Franchise_13,Strategy,Switch,PixelCore,Apex Interactive,2022-07-07,T,32.42,24.73
135,G1134,Game_134,Franchise_14,Racing,Switch,QuantumPlay,RedComet Games,2019-10-09,M,26.68,19.33
136,G1135,Game_135,Franchise_15,RPG,Xbox,PixelCore,Apex Interactive,2020-04-01,E,40.92,21.47
137,G1136,Game_136,Franchise_16,Simulation,PlayStation,NovaForge,Apex Interactive,2019-07-03,E,59.51,11.31
138,G1137,Game_137,Franchise_17,RPG,Switch,QuantumPlay,Apex Interactive,2018-05-16,T,49.1,10.51
139,G1138,Game_138,Franchise_18,Action,PC,IronOrbit,Apex Interactive,2019-03-09,E,54.04,17.21
140,G1139,Game_139,Franchise_19,Sports,PC,PixelCore,NorthStar Publishing,2023-02-14,E,29.47,23.44
141,G1140,Game_140,Franchise_0,Simulation,PC,NovaForge,NorthStar Publishing,2023-04-16,T,50.94,18.13
142,G1141,Game_141,Franchise_1,Action,PlayStation,AtlasWorks,RedComet Games,2021-03-07,T,36.17,5.82
143,G1142,Game_142,Franchise_2,Sports,PlayStation,QuantumPlay,NorthStar Publishing,2022-11-30,E,61.71,26.71
144,G1143,Game_143,Franchise_3,RPG,PC,PixelCore,NorthStar Publishing,2022-01-10,M,51.45,6.62
145,G1144,Game_144,Franchise_4,Action,Switch,PixelCore,RedComet Games,2019-10-07,T,29.93,28.9
146,G1145,Game_145,Franchise_5,Simulation,PlayStation,IronOrbit,NorthStar Publishing,2019-03-12,M,23.22,5.63
147,G1146,Game_146,Franchise_6,Simulation,PC,IronOrbit,NorthStar Publishing,2021-09-04,E,22.12,22.36
148,G1147,Game_147,Franchise_7,Adventure,PC,AtlasWorks,RedComet Games,2020-10-19,T,38.56,7.06
149,G1148,Game_148,Franchise_8,Racing,Switch,AtlasWorks,RedComet Games,2020-03-21,M,33.28,27.77
150,G1149,Game_149,Franchise_9,Strategy,Xbox,NovaForge,RedComet Games,2022-12-17,T,52.29,16.61
151,G1150,Game_150,Franchise_10,Sports,PlayStation,NovaForge,Apex Interactive,2023-02-16,E,44.96,8.44
152,G1151,Game_151,Franchise_11,Adventure,Switch,AtlasWorks,Apex Interactive,2021-08-09,M,33.29,13.52
153,G1152,Game_152,Franchise_12,Strategy,PC,AtlasWorks,RedComet Games,2020-07-28,E,27.45,9.12
154,G1153,Game_153,Franchise_13,Strategy,PC,QuantumPlay,RedComet Games,2018-10-20,E,26.35,9.26
155,G1154,Game_154,Franchise_14,Action,Switch,IronOrbit,RedComet Games,2019-06-27,T,63.22,28.7
156,G1155,Game_155,Franchise_15,Strategy,PlayStation,NovaForge,Apex Interactive,2018-10-13,M,32.16,16.13
157,G1156,Game_156,Franchise_16,Racing,Xbox,IronOrbit,Apex Interactive,2019-05-21,E,52.58,24.72
158,G1157,Game_157,Franchise_17,Simulation,Xbox,IronOrbit,NorthStar Publishing,2022-03-06,E,60.52,20.99
159,G1158,Game_158,Franchise_18,Adventure,PC,AtlasWorks,NorthStar Publishing,2021-02-23,M,50.69,21.91
160,G1159,Game_159,Franchise_19,Strategy,PlayStation,QuantumPlay,RedComet Games,2021-01-08,E,62.97,8.29
161,G1160,Game_160,Franchise_0,Action,Xbox,PixelCore,Apex Interactive,2019-06-23,E,39.61,10.85
162,G1161,Game_161,Franchise_1,Racing,PlayStation,QuantumPlay,Apex Interactive,2022-03-10,M,67.8,24.67
163,G1162,Game_162,Franchise_2,RPG,PlayStation,QuantumPlay,Apex Interactive,2021-04-12,M,26.65,29.27
164,G1163,Game_163,Franchise_3,Simulation,PC,IronOrbit,RedComet Games,2020-05-27,M,25.1,11.57
165,G1164,Game_164,Franchise_4,Simulation,Xbox,QuantumPlay,NorthStar Publishing,2023-01-13,M,52.92,11.79
166,G1165,Game_165,Franchise_5,Adventure,Switch,NovaForge,RedComet Games,2021-04-10,T,67.13,16.82
167,G1166,Game_166,Franchise_6,Simulation,PC,IronOrbit,NorthStar Publishing,2020-03-28,M,60.43,29.6
168,G1167,Game_167,Franchise_7,Strategy,Xbox,NovaForge,NorthStar Publishing,2020-01-12,T,23.81,11.72
169,G1168,Game_168,Franchise_8,Action,Xbox,PixelCore,RedComet Games,2019-03-26,T,33.96,15.17
170,G1169,Game_169,Franchise_9,Simulation,Xbox,IronOrbit,NorthStar Publishing,2018-10-11,T,66.51,27.29
171,G1170,Game_170,Franchise_10,Simulation,Xbox,PixelCore,NorthStar Publishing,2020-11-09,E,32.64,5.07
172,G1171,Game_171,Franchise_11,RPG,Xbox,IronOrbit,Apex Interactive,2020-10-07,T,59.05,5.99
173,G1172,Game_172,Franchise_12,RPG,PlayStation,AtlasWorks,NorthStar Publishing,2018-07-06,T,61.25,20.1
174,G1173,Game_173,Franchise_13,Sports,PC,QuantumPlay,RedComet Games,2022-03-28,E,44.76,27.68
175,G1174,Game_174,Franchise_14,Racing,PlayStation,AtlasWorks,RedComet Games,2018-04-07,E,39.31,10.97
176,G1175,Game_175,Franchise_15,Strategy,Switch,PixelCore,NorthStar Publishing,2022-10-30,E,42.5,16.74
177,G1176,Game_176,Franchise_16,Simulation,Xbox,QuantumPlay,Apex Interactive,2018-08-13,M,31.34,16.26
178,G1177,Game_177,Franchise_17,Simulation,PC,IronOrbit,Apex Interactive,2018-11-10,E,64.46,16.82
179,G1178,Game_178,Franchise_18,Action,Xbox,QuantumPlay,NorthStar Publishing,2021-07-09,E,42.52,20.56
180,G1179,Game_179,Franchise_19,Sports,PC,NovaForge,NorthStar Publishing,2018-11-24,T,64.11,16.74
181,G1180,Game_180,Franchise_0,Racing,PlayStation,QuantumPlay,RedComet Games,2022-06-11,E,25.27,16.19
182,G1181,Game_181,Franchise_1,Sports,PC,NovaForge,NorthStar Publishing,2021-10-25,M,69.4,16.86
183,G1182,Game_182,Franchise_2,Adventure,Switch,QuantumPlay,Apex Interactive,2020-05-14,E,42.15,19.77
184,G1183,Game_183,Franchise_3,Racing,Switch,NovaForge,NorthStar Publishing,2021-05-06,M,22.38,18.43
185,G1184,Game_184,Franchise_4,Simulation,PC,PixelCore,RedComet Games,2018-05-11,E,21.89,26.35
186,G1185,Game_185,Franchise_5,Simulation,PC,AtlasWorks,RedComet Games,2020-02-28,E,57.3,6.24
187,G1186,Game_186,Franchise_6,Racing,PC,IronOrbit,RedComet Games,2020-02-21,E,52.94,25.83
188,G1187,Game_187,Franchise_7,Simulation,PC,QuantumPlay,RedComet Games,2021-05-05,E,60.1,26.1
189,G1188,Game_188,Franchise_8,Strategy,Switch,AtlasWorks,RedComet Games,2020-08-16,M,25.26,12.12
190,G1189,Game_189,Franchise_9,Racing,Xbox,IronOrbit,NorthStar Publishing,2020-12-19,M,21.77,16.57
191,G1190,Game_190,Franchise_10,Sports,PC,IronOrbit,NorthStar Publishing,2019-05-30,T,45.42,15.96
192,G1191,Game_191,Franchise_11,Racing,PC,NovaForge,NorthStar Publishing,2023-06-12,M,39.37,10.46
193,G1192,Game_192,Franchise_12,Simulation,Switch,PixelCore,NorthStar Publishing,2021-02-07,E,43.09,14.92
194,G1193,Game_193,Franchise_13,Strategy,Switch,PixelCore,RedComet Games,2022-10-29,T,69.57,6.11
195,G1194,Game_194,Franchise_14,Strategy,PlayStation,AtlasWorks,Apex Interactive,2023-04-15,T,68.53,11.95
196,G1195,Game_195,Franchise_15,Adventure,PC,PixelCore,NorthStar Publishing,2018-01-24,T,67.11,25.42
197,G1196,Game_196,Franchise_16,Sports,PlayStation,QuantumPlay,Apex Interactive,2021-10-25,E,59.18,12.11
198,G1197,Game_197,Franchise_17,RPG,Switch,PixelCore,NorthStar Publishing,2022-01-16,M,37.73,25.46
199,G1198,Game_198,Franchise_18,RPG,Switch,AtlasWorks,NorthStar Publishing,2018-08-23,E,40.6,18.29
200,G1199,Game_199,Franchise_19,Racing,Xbox,PixelCore,Apex Interactive,2021-10-28,T,47.47,27.0
201,G1200,Game_200,Franchise_0,Adventure,PC,QuantumPlay,RedComet Games,2022-12-18,E,61.52,19.37
202,G1201,Game_201,Franchise_1,Action,PlayStation,NovaForge,NorthStar Publishing,2021-01-04,E,23.43,5.74
203,G1202,Game_202,Franchise_2,Racing,Switch,AtlasWorks,NorthStar Publishing,2022-03-18,M,41.2,21.89
204,G1203,Game_203,Franchise_3,Adventure,Switch,NovaForge,NorthStar Publishing,2019-07-01,M,24.12,6.12
205,G1204,Game_204,Franchise_4,Sports,PlayStation,NovaForge,Apex Interactive,2022-04-24,T,45.72,16.26
206,G1205,Game_205,Franchise_5,Sports,Xbox,NovaForge,RedComet Games,2021-08-05,E,64.94,28.24
207,G1206,Game_206,Franchise_6,Sports,Switch,IronOrbit,Apex Interactive,2019-11-28,E,59.11,9.13
208,G1207,Game_207,Franchise_7,Sports,PC,IronOrbit,Apex Interactive,2018-08-17,M,31.38,14.75
209,G1208,Game_208,Franchise_8,Sports,Switch,NovaForge,RedComet Games,2019-08-25,E,68.79,23.25
210,G1209,Game_209,Franchise_9,Adventure,PC,AtlasWorks,Apex Interactive,2020-06-09,E,53.36,27.06
211,G1210,Game_210,Franchise_10,Adventure,PlayStation,QuantumPlay,RedComet Games,2018-11-20,E,20.51,21.77
212,G1211,Game_211,Franchise_11,Strategy,PC,QuantumPlay,NorthStar Publishing,2020-07-18,M,32.76,11.45
213,G1212,Game_212,Franchise_12,RPG,PlayStation,PixelCore,RedComet Games,2018-01-07,T,33.03,21.87
214,G1213,Game_213,Franchise_13,Simulation,PC,AtlasWorks,NorthStar Publishing,2023-05-08,T,23.45,12.42
215,G1214,Game_214,Franchise_14,Sports,PlayStation,IronOrbit,Apex Interactive,2022-01-18,E,67.98,22.96
216,G1215,Game_215,Franchise_15,Action,PC,NovaForge,Apex Interactive,2022-11-29,T,43.9,28.85
217,G1216,Game_216,Franchise_16,Simulation,Xbox,PixelCore,NorthStar Publishing,2022-01-13,M,64.78,23.03
218,G1217,Game_217,Franchise_17,Adventure,PC,QuantumPlay,Apex Interactive,2019-06-24,M,36.1,26.57
219,G1218,Game_218,Franchise_18,Action,PC,IronOrbit,RedComet Games,2023-06-14,T,26.25,5.05
220,G1219,Game_219,Franchise_19,Action,Xbox,IronOrbit,NorthStar Publishing,2020-10-22,T,43.71,22.94
221,G1220,Game_220,Franchise_0,Action,Switch,NovaForge,Apex Interactive,2022-04-10,E,25.69,25.74
222,G1221,Game_221,Franchise_1,Strategy,Switch,QuantumPlay,NorthStar Publishing,2019-01-01,T,44.29,6.01
223,G1222,Game_222,Franchise_2,Adventure,PC,AtlasWorks,RedComet Games,2020-11-05,E,66.0,26.79
224,G1223,Game_223,Franchise_3,Action,Xbox,IronOrbit,RedComet Games,2023-02-13,E,46.03,11.42
225,G1224,Game_224,Franchise_4,Sports,PC,NovaForge,Apex Interactive,2018-08-06,M,50.81,21.63
226,G1225,Game_225,Franchise_5,Racing,PlayStation,AtlasWorks,RedComet Games,2022-11-18,M,27.82,25.01
227,G1226,Game_226,Franchise_6,Action,PlayStation,QuantumPlay,NorthStar Publishing,2021-07-04,M,22.18,21.57
228,G1227,Game_227,Franchise_7,Strategy,PC,IronOrbit,RedComet Games,2019-09-04,M,25.53,7.31
229,G1228,Game_228,Franchise_8,Simulation,Switch,AtlasWorks,NorthStar Publishing,2022-09-20,T,49.92,19.91
230,G1229,Game_229,Franchise_9,Adventure,Switch,AtlasWorks,NorthStar Publishing,2021-08-01,M,24.74,18.74
231,G1230,Game_230,Franchise_10,Strategy,PC,AtlasWorks,RedComet Games,2020-11-05,T,38.79,27.51
232,G1231,Game_231,Franchise_11,Action,PC,IronOrbit,Apex Interactive,2021-06-01,M,47.49,15.11
233,G1232,Game_232,Franchise_12,Adventure,PlayStation,IronOrbit,RedComet Games,2019-02-12,T,39.42,13.03
234,G1233,Game_233,Franchise_13,Racing,Switch,PixelCore,NorthStar Publishing,2018-11-10,E,28.17,23.75
235,G1234,Game_234,Franchise_14,Action,PC,QuantumPlay,NorthStar Publishing,2020-02-05,T,33.68,15.32
236,G1235,Game_235,Franchise_15,Strategy,PlayStation,NovaForge,RedComet Games,2022-04-11,T,66.41,21.15
237,G1236,Game_236,Franchise_16,RPG,Switch,AtlasWorks,Apex Interactive,2018-11-27,M,53.79,21.16
238,G1237,Game_237,Franchise_17,Sports,Xbox,PixelCore,Apex Interactive,2021-01-09,T,44.79,27.2
239,G1238,Game_238,Franchise_18,Simulation,PlayStation,NovaForge,NorthStar Publishing,2023-05-07,E,20.63,19.97
240,G1239,Game_239,Franchise_19,Strategy,Switch,PixelCore,NorthStar Publishing,2022-05-14,E,69.61,17.55
241,G1240,Game_240,Franchise_0,Adventure,Switch,IronOrbit,Apex Interactive,2023-03-05,M,53.56,8.47
242,G1241,Game_241,Franchise_1,Action,PlayStation,AtlasWorks,RedComet Games,2020-12-22,E,35.84,7.89
243,G1242,Game_242,Franchise_2,Sports,Xbox,NovaForge,NorthStar Publishing,2023-02-25,T,63.95,8.86
244,G1243,Game_243,Franchise_3,Action,PlayStation,NovaForge,NorthStar Publishing,2018-01-02,E,32.91,9.3
245,G1244,Game_244,Franchise_4,Adventure,Switch,NovaForge,Apex Interactive,2021-05-11,M,47.19,20.95
246,G1245,Game_245,Franchise_5,Action,PC,NovaForge,RedComet Games,2019-10-26,T,51.79,23.52
247,G1246,Game_246,Franchise_6,RPG,PC,NovaForge,Apex Interactive,2020-09-27,M,31.04,18.25
248,G1247,Game_247,Franchise_7,Sports,PlayStation,PixelCore,RedComet Games,2018-02-09,T,68.91,25.73
249,G1248,Game_248,Franchise_8,Sports,Switch,AtlasWorks,RedComet Games,2018-08-18,E,57.4,29.78
250,G1249,Game_249,Franchise_9,Adventure,PC,IronOrbit,RedComet Games,2023-03-18,M,47.88,25.5
251,G1250,Game_250,Franchise_10,Simulation,Switch,IronOrbit,NorthStar Publishing,2020-01-14,M,29.02,22.37
252,G1251,Game_251,Franchise_11,RPG,PlayStation,IronOrbit,Apex Interactive,2022-12-05,T,22.68,18.31
253,G1252,Game_252,Franchise_12,Strategy,PC,IronOrbit,Apex Interactive,2022-08-31,M,35.99,16.22
254,G1253,Game_253,Franchise_13,Action,Switch,PixelCore,RedComet Games,2022-07-11,T,57.65,7.11
255,G1254,Game_254,Franchise_14,Racing,PC,QuantumPlay,NorthStar Publishing,2019-09-22,T,33.46,14.98
256,G1255,Game_255,Franchise_15,Action,PlayStation,AtlasWorks,NorthStar Publishing,2019-05-06,T,46.97,27.75
257,G1256,Game_256,Franchise_16,Action,Switch,NovaForge,Apex Interactive,2018-04-29,T,56.39,25.2
258,G1257,Game_257,Franchise_17,Strategy,PC,QuantumPlay,NorthStar Publishing,2019-05-09,E,25.39,10.4
259,G1258,Game_258,Franchise_18,Action,PlayStation,IronOrbit,NorthStar Publishing,2022-12-04,T,54.25,16.67
260,G1259,Game_259,Franchise_19,RPG,PC,QuantumPlay,RedComet Games,2021-03-07,M,24.58,25.42
261,G1260,Game_260,Franchise_0,RPG,PC,AtlasWorks,NorthStar Publishing,2023-04-24,E,68.25,6.68
262,G1261,Game_261,Franchise_1,Sports,Xbox,NovaForge,RedComet Games,2018-06-11,M,44.41,14.68
263,G1262,Game_262,Franchise_2,Adventure,Xbox,NovaForge,Apex Interactive,2018-06-25,E,27.52,26.3
264,G1263,Game_263,Franchise_3,Simulation,PlayStation,AtlasWorks,NorthStar Publishing,2022-02-07,T,37.11,15.1
265,G1264,Game_264,Franchise_4,Racing,Xbox,AtlasWorks,Apex Interactive,2020-09-22,E,40.66,6.94
266,G1265,Game_265,Franchise_5,Action,PlayStation,IronOrbit,Apex Interactive,2022-07-30,E,57.9,18.56
267,G1266,Game_266,Franchise_6,Action,Xbox,NovaForge,NorthStar Publishing,2018-05-22,M,57.16,26.54
268,G1267,Game_267,Franchise_7,Strategy,PC,QuantumPlay,NorthStar Publishing,2022-04-07,M,50.59,19.76
269,G1268,Game_268,Franchise_8,Adventure,PlayStation,PixelCore,Apex Interactive,2020-12-26,T,25.29,10.66
270,G1269,Game_269,Franchise_9,RPG,PlayStation,PixelCore,NorthStar Publishing,2022-04-18,E,27.57,14.61
271,G1270,Game_270,Franchise_10,Racing,PC,AtlasWorks,RedComet Games,2018-09-15,E,24.68,16.25
272,G1271,Game_271,Franchise_11,Sports,PlayStation,IronOrbit,RedComet Games,2018-09-20,E,48.85,19.48
273,G1272,Game_272,Franchise_12,RPG,PlayStation,PixelCore,NorthStar Publishing,2021-09-13,T,63.85,23.98
274,G1273,Game_273,Franchise_13,Adventure,Xbox,NovaForge,Apex Interactive,2020-08-31,T,41.68,7.47
275,G1274,Game_274,Franchise_14,Simulation,PlayStation,AtlasWorks,NorthStar Publishing,2023-04-24,T,28.03,27.24
276,G1275,Game_275,Franchise_15,Sports,Switch,QuantumPlay,NorthStar Publishing,2021-01-30,T,47.89,5.31
277,G1276,Game_276,Franchise_16,Simulation,PC,AtlasWorks,Apex Interactive,2018-12-05,T,60.58,14.25
278,G1277,Game_277,Franchise_17,Strategy,Xbox,QuantumPlay,Apex Interactive,2019-06-27,M,57.08,5.69
279,G1278,Game_278,Franchise_18,Strategy,Xbox,AtlasWorks,RedComet Games,2020-12-16,E,64.06,14.82
280,G1279,Game_279,Franchise_19,Action,Switch,AtlasWorks,Apex Interactive,2022-11-22,E,33.89,18.15
281,G1280,Game_280,Franchise_0,Simulation,PC,AtlasWorks,RedComet Games,2021-05-27,E,29.69,17.79
282,G1281,Game_281,Franchise_1,Adventure,PC,QuantumPlay,Apex Interactive,2020-05-16,E,63.98,9.14
283,G1282,Game_282,Franchise_2,Racing,Xbox,QuantumPlay,NorthStar Publishing,2023-05-30,E,52.87,21.14
284,G1283,Game_283,Franchise_3,Sports,PlayStation,AtlasWorks,RedComet Games,2019-03-10,E,35.54,6.12
285,G1284,Game_284,Franchise_4,RPG,Xbox,PixelCore,RedComet Games,2023-03-18,E,57.11,24.05
286,G1285,Game_285,Franchise_5,Adventure,PC,IronOrbit,RedComet Games,2021-01-09,E,60.75,28.67
287,G1286,Game_286,Franchise_6,Adventure,Switch,IronOrbit,NorthStar Publishing,2022-03-27,M,50.74,13.49
288,G1287,Game_287,Franchise_7,Strategy,Xbox,IronOrbit,NorthStar Publishing,2022-02-03,E,54.38,17.93
289,G1288,Game_288,Franchise_8,Simulation,PC,QuantumPlay,NorthStar Publishing,2021-11-13,M,38.75,14.47
290,G1289,Game_289,Franchise_9,Action,Xbox,QuantumPlay,NorthStar Publishing,2019-02-16,T,46.92,5.17
291,G1290,Game_290,Franchise_10,Action,PlayStation,PixelCore,NorthStar Publishing,2021-12-31,E,46.2,14.65
292,G1291,Game_291,Franchise_11,Sports,Xbox,IronOrbit,RedComet Games,2019-10-01,T,62.39,24.79
293,G1292,Game_292,Franchise_12,Strategy,Xbox,IronOrbit,NorthStar Publishing,2020-03-28,T,61.99,19.9
294,G1293,Game_293,Franchise_13,Adventure,PC,AtlasWorks,RedComet Games,2021-10-07,T,61.62,7.53
295,G1294,Game_294,Franchise_14,Racing,PC,QuantumPlay,NorthStar Publishing,2021-08-23,M,20.54,26.18
296,G1295,Game_295,Franchise_15,Strategy,PC,IronOrbit,Apex Interactive,2020-02-04,T,57.47,18.28
297,G1296,Game_296,Franchise_16,Sports,Xbox,PixelCore,RedComet Games,2020-06-16,T,57.92,26.04
298,G1297,Game_297,Franchise_17,Sports,PlayStation,PixelCore,Apex Interactive,2023-01-17,T,53.91,19.51
299,G1298,Game_298,Franchise_18,Strategy,Switch,IronOrbit,RedComet Games,2020-11-25,E,57.8,18.99
300,G1299,Game_299,Franchise_19,Sports,Switch,QuantumPlay,Apex Interactive,2020-07-13,E,62.09,7.63
301,G1300,Game_300,Franchise_0,Strategy,PC,PixelCore,NorthStar Publishing,2018-09-05,M,43.51,9.18
302,G1301,Game_301,Franchise_1,RPG,PC,AtlasWorks,NorthStar Publishing,2019-05-23,M,45.09,29.3
303,G1302,Game_302,Franchise_2,Strategy,Xbox,PixelCore,NorthStar Publishing,2019-04-06,E,26.23,10.71
304,G1303,Game_303,Franchise_3,Simulation,Switch,NovaForge,RedComet Games,2018-05-12,M,39.26,29.44
305,G1304,Game_304,Franchise_4,Strategy,PC,NovaForge,Apex Interactive,2019-11-24,E,52.16,18.3
306,G1305,Game_305,Franchise_5,Sports,PlayStation,QuantumPlay,NorthStar Publishing,2018-02-13,T,59.01,8.39
307,G1306,Game_306,Franchise_6,Simulation,PlayStation,IronOrbit,Apex Interactive,2021-04-19,T,30.85,7.48
308,G1307,Game_307,Franchise_7,Sports,PC,QuantumPlay,Apex Interactive,2021-02-08,M,26.88,10.22
309,G1308,Game_308,Franchise_8,Action,PC,QuantumPlay,NorthStar Publishing,2019-04-17,E,53.14,28.14
310,G1309,Game_309,Franchise_9,Action,Switch,QuantumPlay,NorthStar Publishing,2021-04-20,E,20.08,15.35
311,G1310,Game_310,Franchise_10,Simulation,Switch,QuantumPlay,Apex Interactive,2019-03-28,M,28.91,14.89
312,G1311,Game_311,Franchise_11,RPG,Xbox,AtlasWorks,NorthStar Publishing,2018-01-15,E,21.44,12.83
313,G1312,Game_312,Franchise_12,Action,Switch,AtlasWorks,NorthStar Publishing,2018-05-26,T,28.33,8.68
314,G1313,Game_313,Franchise_13,Strategy,PlayStation,PixelCore,NorthStar Publishing,2021-12-20,M,29.06,17.2
315,G1314,Game_314,Franchise_14,Sports,PlayStation,NovaForge,RedComet Games,2021-07-16,M,39.37,8.25
316,G1315,Game_315,Franchise_15,Action,PC,QuantumPlay,Apex Interactive,2018-05-01,E,40.11,25.89
317,G1316,Game_316,Franchise_16,Action,Switch,PixelCore,Apex Interactive,2019-04-14,M,63.7,14.26
318,G1317,Game_317,Franchise_17,RPG,Xbox,NovaForge,RedComet Games,2018-05-19,E,45.5,14.37
319,G1318,Game_318,Franchise_18,Simulation,PlayStation,IronOrbit,Apex Interactive,2023-01-29,E,56.16,16.85
320,G1319,Game_319,Franchise_19,Simulation,PlayStation,AtlasWorks,NorthStar Publishing,2018-03-06,E,25.2,16.1
321,G1320,Game_320,Franchise_0,Adventure,Xbox,NovaForge,Apex Interactive,2022-10-27,E,31.26,29.87
322,G1321,Game_321,Franchise_1,RPG,Xbox,IronOrbit,NorthStar Publishing,2019-11-08,E,55.14,18.63
323,G1322,Game_322,Franchise_2,Strategy,PlayStation,NovaForge,RedComet Games,2018-05-26,M,22.63,7.21
324,G1323,Game_323,Franchise_3,Simulation,PlayStation,AtlasWorks,NorthStar Publishing,2020-11-18,T,44.32,20.17
325,G1324,Game_324,Franchise_4,Sports,Xbox,AtlasWorks,Apex Interactive,2019-05-03,T,49.96,8.79
326,G1325,Game_325,Franchise_5,RPG,PlayStation,PixelCore,Apex Interactive,2019-07-25,M,50.1,5.77
327,G1326,Game_326,Franchise_6,Action,PC,QuantumPlay,Apex Interactive,2021-10-02,M,21.14,29.27
328,G1327,Game_327,Franchise_7,Sports,PC,NovaForge,RedComet Games,2020-09-21,T,36.1,24.34
329,G1328,Game_328,Franchise_8,Sports,Xbox,NovaForge,RedComet Games,2019-03-15,T,51.81,29.5
330,G1329,Game_329,Franchise_9,Action,Switch,IronOrbit,Apex Interactive,2021-01-09,T,27.44,16.95
331,G1330,Game_330,Franchise_10,RPG,Xbox,AtlasWorks,NorthStar Publishing,2018-09-28,T,54.76,18.31
332,G1331,Game_331,Franchise_11,Action,Xbox,NovaForge,RedComet Games,2022-01-21,T,57.29,9.21
333,G1332,Game_332,Franchise_12,Adventure,Switch,AtlasWorks,Apex Interactive,2023-03-31,E,69.09,11.17
334,G1333,Game_333,Franchise_13,Sports,Switch,NovaForge,Apex Interactive,2022-12-13,M,30.48,25.96
335,G1334,Game_334,Franchise_14,Racing,Switch,PixelCore,RedComet Games,2021-03-15,E,61.25,13.9
336,G1335,Game_335,Franchise_15,Racing,PC,QuantumPlay,RedComet Games,2021-03-26,T,46.0,25.67
337,G1336,Game_336,Franchise_16,Strategy,PlayStation,NovaForge,RedComet Games,2020-08-26,T,38.66,22.73
338,G1337,Game_337,Franchise_17,Simulation,PC,AtlasWorks,NorthStar Publishing,2019-05-13,T,26.11,9.43
339,G1338,Game_338,Franchise_18,Action,PlayStation,PixelCore,NorthStar Publishing,2022-05-26,E,56.77,17.69
340,G1339,Game_339,Franchise_19,Action,PC,NovaForge,Apex Interactive,2020-08-26,E,31.78,21.93
341,G1340,Game_340,Franchise_0,Strategy,PlayStation,IronOrbit,RedComet Games,2022-07-12,T,38.56,10.88
342,G1341,Game_341,Franchise_1,Strategy,PC,QuantumPlay,NorthStar Publishing,2020-04-13,E,23.12,25.77
343,G1342,Game_342,Franchise_2,Strategy,Switch,NovaForge,RedComet Games,2019-01-25,E,60.06,18.62
344,G1343,Game_343,Franchise_3,Sports,Xbox,PixelCore,Apex Interactive,2018-07-13,T,58.32,9.13
345,G1344,Game_344,Franchise_4,Adventure,PC,IronOrbit,NorthStar Publishing,2018-07-18,E,56.67,19.57
346,G1345,Game_345,Franchise_5,Action,PlayStation,PixelCore,NorthStar Publishing,2021-09-11,M,34.96,29.99
347,G1346,Game_346,Franchise_6,Sports,Switch,PixelCore,NorthStar Publishing,2020-06-01,M,28.66,8.76
348,G1347,Game_347,Franchise_7,Strategy,PC,IronOrbit,Apex Interactive,2019-12-27,M,51.87,25.42
349,G1348,Game_348,Franchise_8,Action,PC,PixelCore,RedComet Games,2020-05-17,M,44.8,10.18
350,G1349,Game_349,Franchise_9,Sports,Switch,IronOrbit,NorthStar Publishing,2020-04-21,T,28.9,24.56
351,G1350,Game_350,Franchise_10,Adventure,PC,NovaForge,Apex Interactive,2020-08-14,T,54.29,23.36
352,G1351,Game_351,Franchise_11,Sports,Xbox,IronOrbit,RedComet Games,2022-11-05,T,69.55,12.51
353,G1352,Game_352,Franchise_12,Adventure,PC,IronOrbit,Apex Interactive,2022-02-02,M,57.35,13.15
354,G1353,Game_353,Franchise_13,Strategy,Xbox,QuantumPlay,RedComet Games,2018-04-21,M,56.99,24.81
355,G1354,Game_354,Franchise_14,Adventure,Xbox,IronOrbit,Apex Interactive,2021-10-11,E,67.51,16.54
356,G1355,Game_355,Franchise_15,Action,Switch,IronOrbit,RedComet Games,2021-08-31,E,30.14,23.27
357,G1356,Game_356,Franchise_16,Strategy,PC,NovaForge,NorthStar Publishing,2021-08-16,M,48.27,8.7
358,G1357,Game_357,Franchise_17,Action,Switch,QuantumPlay,RedComet Games,2018-07-21,M,68.97,26.31
359,G1358,Game_358,Franchise_18,Racing,PC,AtlasWorks,Apex Interactive,2018-05-05,M,28.25,22.77
360,G1359,Game_359,Franchise_19,RPG,PC,NovaForge,Apex Interactive,2020-04-04,M,55.0,27.67
361,G1360,Game_360,Franchise_0,Adventure,PlayStation,NovaForge,RedComet Games,2022-01-31,E,49.28,8.31
362,G1361,Game_361,Franchise_1,RPG,PC,AtlasWorks,NorthStar Publishing,2019-11-26,M,49.31,19.83
363,G1362,Game_362,Franchise_2,RPG,Switch,IronOrbit,NorthStar Publishing,2022-06-28,E,54.87,19.98
364,G1363,Game_363,Franchise_3,Adventure,Xbox,PixelCore,RedComet Games,2022-10-31,M,66.47,13.84
365,G1364,Game_364,Franchise_4,Strategy,PC,QuantumPlay,RedComet Games,2018-08-12,M,59.12,16.46
366,G1365,Game_365,Franchise_5,Racing,PlayStation,PixelCore,Apex Interactive,2019-05-25,M,22.8,5.95
367,G1366,Game_366,Franchise_6,Action,Switch,AtlasWorks,NorthStar Publishing,2019-01-28,E,62.63,23.65
368,G1367,Game_367,Franchise_7,Sports,PC,NovaForge,RedComet Games,2019-01-25,E,31.27,18.73
369,G1368,Game_368,Franchise_8,Action,Switch,NovaForge,NorthStar Publishing,2021-01-03,T,38.84,6.44
370,G1369,Game_369,Franchise_9,Sports,PlayStation,QuantumPlay,RedComet Games,2020-07-07,M,43.08,22.02
371,G1370,Game_370,Franchise_10,Action,PlayStation,NovaForge,RedComet Games,2018-10-15,T,44.04,16.67
372,G1371,Game_371,Franchise_11,Adventure,Switch,NovaForge,NorthStar Publishing,2020-05-14,T,41.75,5.86
373,G1372,Game_372,Franchise_12,Racing,PC,QuantumPlay,RedComet Games,2019-01-11,E,66.86,29.24
374,G1373,Game_373,Franchise_13,Sports,Xbox,QuantumPlay,RedComet Games,2019-07-25,E,55.29,28.73
375,G1374,Game_374,Franchise_14,Simulation,PlayStation,AtlasWorks,Apex Interactive,2020-08-05,T,51.55,17.82
376,G1375,Game_375,Franchise_15,Strategy,PC,NovaForge,RedComet Games,2019-05-27,M,22.48,7.34
377,G1376,Game_376,Franchise_16,Action,PC,NovaForge,RedComet Games,2022-11-26,E,65.19,23.87
378,G1377,Game_377,Franchise_17,Action,Xbox,AtlasWorks,RedComet Games,2023-03-06,M,65.46,17.3
379,G1378,Game_378,Franchise_18,Sports,PlayStation,IronOrbit,Apex Interactive,2018-06-04,M,59.0,12.56
380,G1379,Game_379,Franchise_19,Strategy,PlayStation,IronOrbit,NorthStar Publishing,2020-06-26,T,20.34,17.29
381,G1380,Game_380,Franchise_0,Strategy,PC,IronOrbit,Apex Interactive,2022-07-13,T,22.85,18.06
382,G1381,Game_381,Franchise_1,Adventure,PC,AtlasWorks,Apex Interactive,2022-10-31,T,31.25,19.07
383,G1382,Game_382,Franchise_2,Simulation,Xbox,NovaForge,NorthStar Publishing,2022-10-20,T,26.56,16.03
384,G1383,Game_383,Franchise_3,Adventure,Xbox,AtlasWorks,Apex Interactive,2021-02-01,E,39.93,20.14
385,G1384,Game_384,Franchise_4,Adventure,PlayStation,AtlasWorks,NorthStar Publishing,2018-07-20,E,66.12,27.97
386,G1385,Game_385,Franchise_5,Adventure,Switch,IronOrbit,Apex Interactive,2018-04-14,T,43.59,14.06
387,G1386,Game_386,Franchise_6,Adventure,PlayStation,PixelCore,NorthStar Publishing,2021-08-28,E,20.66,23.14
388,G1387,Game_387,Franchise_7,Adventure,PC,NovaForge,RedComet Games,2021-01-12,T,34.13,27.36
389,G1388,Game_388,Franchise_8,Racing,PlayStation,IronOrbit,Apex Interactive,2022-09-09,M,22.22,16.4
390,G1389,Game_389,Franchise_9,Strategy,Switch,PixelCore,Apex Interactive,2018-01-31,M,21.8,16.09
391,G1390,Game_390,Franchise_10,Adventure,Xbox,PixelCore,Apex Interactive,2023-06-08,M,33.78,20.05
392,G1391,Game_391,Franchise_11,Strategy,Switch,QuantumPlay,Apex Interactive,2018-07-11,T,33.77,19.79
393,G1392,Game_392,Franchise_12,Strategy,Switch,NovaForge,RedComet Games,2023-03-13,M,59.35,25.16
394,G1393,Game_393,Franchise_13,RPG,Switch,PixelCore,Apex Interactive,2022-03-24,E,68.73,16.91
395,G1394,Game_394,Franchise_14,Racing,Xbox,IronOrbit,RedComet Games,2022-10-05,M,38.55,29.9
396,G1395,Game_395,Franchise_15,Adventure,Switch,QuantumPlay,RedComet Games,2019-04-30,M,41.43,6.49
397,G1396,Game_396,Franchise_16,Action,Switch,NovaForge,RedComet Games,2018-12-07,M,62.23,5.08
398,G1397,Game_397,Franchise_17,Sports,Switch,AtlasWorks,RedComet Games,2020-04-12,E,33.4,21.0
399,G1398,Game_398,Franchise_18,Simulation,PC,IronOrbit,NorthStar Publishing,2020-09-21,T,27.81,12.46
400,G1399,Game_399,Franchise_19,Action,Switch,PixelCore,NorthStar Publishing,2020-09-12,E,62.64,11.01
401,G1400,Game_400,Franchise_0,Racing,Xbox,PixelCore,Apex Interactive,2019-03-14,T,22.32,12.8
402,G1401,Game_401,Franchise_1,Sports,Switch,IronOrbit,NorthStar Publishing,2022-11-06,T,50.97,11.4
403,G1402,Game_402,Franchise_2,Racing,Switch,PixelCore,NorthStar Publishing,2020-04-01,M,48.09,5.77
404,G1403,Game_403,Franchise_3,Strategy,Xbox,QuantumPlay,Apex Interactive,2023-01-23,T,37.29,29.29
405,G1404,Game_404,Franchise_4,Sports,Switch,NovaForge,Apex Interactive,2018-05-01,E,35.75,10.52
406,G1405,Game_405,Franchise_5,Strategy,Xbox,QuantumPlay,Apex Interactive,2018-12-04,E,58.58,23.35
407,G1406,Game_406,Franchise_6,Action,Switch,PixelCore,NorthStar Publishing,2020-02-16,T,24.31,24.06
408,G1407,Game_407,Franchise_7,Action,Xbox,AtlasWorks,NorthStar Publishing,2018-01-05,M,31.83,28.23
409,G1408,Game_408,Franchise_8,Sports,Switch,NovaForge,Apex Interactive,2020-03-10,M,56.61,5.76
410,G1409,Game_409,Franchise_9,Sports,Switch,NovaForge,RedComet Games,2019-06-28,E,47.41,26.8
411,G1410,Game_410,Franchise_10,Adventure,PC,IronOrbit,Apex Interactive,2023-03-13,M,26.39,18.18
412,G1411,Game_411,Franchise_11,Racing,PC,IronOrbit,RedComet Games,2022-05-25,T,64.1,20.81
413,G1412,Game_412,Franchise_12,Adventure,Switch,AtlasWorks,RedComet Games,2022-05-27,T,39.66,21.11
414,G1413,Game_413,Franchise_13,Racing,Switch,NovaForge,Apex Interactive,2020-07-20,E,61.38,25.49
415,G1414,Game_414,Franchise_14,Adventure,PlayStation,AtlasWorks,Apex Interactive,2019-08-08,T,59.38,13.34
416,G1415,Game_415,Franchise_15,Strategy,Xbox,IronOrbit,Apex Interactive,2020-05-16,E,51.21,23.33
417,G1416,Game_416,Franchise_16,Sports,PlayStation,IronOrbit,NorthStar Publishing,2021-11-27,T,44.71,18.21
418,G1417,Game_417,Franchise_17,Action,PC,NovaForge,RedComet Games,2023-05-15,E,68.97,24.83
419,G1418,Game_418,Franchise_18,Racing,PC,QuantumPlay,NorthStar Publishing,2022-02-05,M,27.24,29.76
420,G1419,Game_419,Franchise_19,Racing,PC,PixelCore,NorthStar Publishing,2022-05-24,T,56.25,10.02
421,G1420,Game_420,Franchise_0,Action,PC,IronOrbit,Apex Interactive,2021-02-12,T,29.55,29.87
422,G1421,Game_421,Franchise_1,Adventure,Switch,IronOrbit,NorthStar Publishing,2021-09-17,E,36.9,7.25
423,G1422,Game_422,Franchise_2,Racing,PC,QuantumPlay,Apex Interactive,2022-01-11,E,35.42,5.06
424,G1423,Game_423,Franchise_3,Simulation,Switch,QuantumPlay,RedComet Games,2020-09-23,T,67.34,6.1
425,G1424,Game_424,Franchise_4,Strategy,Switch,AtlasWorks,Apex Interactive,2018-11-14,E,68.36,13.54
426,G1425,Game_425,Franchise_5,Sports,PC,AtlasWorks,NorthStar Publishing,2019-01-24,T,29.14,20.82
427,G1426,Game_426,Franchise_6,Action,PC,PixelCore,NorthStar Publishing,2019-08-31,M,21.09,6.73
428,G1427,Game_427,Franchise_7,Sports,Xbox,PixelCore,Apex Interactive,2019-03-22,E,55.99,5.14
429,G1428,Game_428,Franchise_8,Simulation,PlayStation,NovaForge,Apex Interactive,2023-06-07,T,40.89,28.43
430,G1429,Game_429,Franchise_9,Racing,PC,AtlasWorks,NorthStar Publishing,2018-04-30,M,24.43,25.55
431,G1430,Game_430,Franchise_10,Racing,Xbox,IronOrbit,RedComet Games,2021-04-01,M,54.18,25.23
432,G1431,Game_431,Franchise_11,Simulation,Xbox,AtlasWorks,RedComet Games,2022-02-15,T,47.25,27.11
433,G1432,Game_432,Franchise_12,Action,PlayStation,IronOrbit,Apex Interactive,2021-01-15,E,69.02,22.5
434,G1433,Game_433,Franchise_13,Strategy,Switch,QuantumPlay,RedComet Games,2018-05-05,T,31.36,7.61
435,G1434,Game_434,Franchise_14,RPG,PC,AtlasWorks,NorthStar Publishing,2022-03-12,M,40.19,14.98
436,G1435,Game_435,Franchise_15,Action,PlayStation,QuantumPlay,Apex Interactive,2019-10-05,T,47.12,23.08
437,G1436,Game_436,Franchise_16,RPG,PC,PixelCore,NorthStar Publishing,2018-04-28,E,59.57,12.01
438,G1437,Game_437,Franchise_17,Simulation,Xbox,PixelCore,NorthStar Publishing,2018-04-13,M,47.43,22.19
439,G1438,Game_438,Franchise_18,Adventure,Xbox,NovaForge,RedComet Games,2021-04-11,T,50.64,5.61
440,G1439,Game_439,Franchise_19,RPG,Switch,AtlasWorks,Apex Interactive,2020-09-03,E,31.3,12.65
441,G1440,Game_440,Franchise_0,Strategy,Xbox,QuantumPlay,Apex Interactive,2020-10-26,M,62.34,18.73
442,G1441,Game_441,Franchise_1,Adventure,Xbox,IronOrbit,RedComet Games,2023-02-26,E,41.42,20.8
443,G1442,Game_442,Franchise_2,RPG,PlayStation,PixelCore,NorthStar Publishing,2022-10-13,M,27.04,19.43
444,G1443,Game_443,Franchise_3,Simulation,PC,PixelCore,NorthStar Publishing,2020-12-23,T,53.2,22.44
445,G1444,Game_444,Franchise_4,Adventure,PC,IronOrbit,NorthStar Publishing,2018-11-19,E,30.79,5.15
446,G1445,Game_445,Franchise_5,Simulation,PlayStation,QuantumPlay,NorthStar Publishing,2018-04-27,M,24.87,7.52
447,G1446,Game_446,Franchise_6,RPG,Switch,QuantumPlay,Apex Interactive,2023-05-22,E,63.09,26.72
448,G1447,Game_447,Franchise_7,Simulation,PC,AtlasWorks,Apex Interactive,2020-11-06,E,43.0,22.04
449,G1448,Game_448,Franchise_8,Strategy,Xbox,AtlasWorks,RedComet Games,2018-06-14,T,57.45,7.82
450,G1449,Game_449,Franchise_9,RPG,PC,NovaForge,RedComet Games,2022-10-10,E,34.52,26.05
451,G1450,Game_450,Franchise_10,RPG,Xbox,PixelCore,Apex Interactive,2019-01-16,M,59.34,11.06
452,G1451,Game_451,Franchise_11,RPG,Switch,AtlasWorks,Apex Interactive,2018-05-21,M,25.59,16.96
453,G1452,Game_452,Franchise_12,Action,PlayStation,QuantumPlay,NorthStar Publishing,2021-05-03,M,37.79,8.63
454,G1453,Game_453,Franchise_13,Action,PC,IronOrbit,NorthStar Publishing,2018-05-20,M,68.89,22.75
455,G1454,Game_454,Franchise_14,Action,PlayStation,QuantumPlay,RedComet Games,2021-10-14,T,59.69,21.67
456,G1455,Game_455,Franchise_15,Strategy,PC,PixelCore,Apex Interactive,2022-11-01,E,44.85,10.28
457,G1456,Game_456,Franchise_16,Adventure,Xbox,QuantumPlay,RedComet Games,2019-04-27,T,36.98,26.59
458,G1457,Game_457,Franchise_17,Simulation,PlayStation,NovaForge,Apex Interactive,2020-04-06,E,63.6,15.03
459,G1458,Game_458,Franchise_18,Racing,PC,PixelCore,NorthStar Publishing,2018-09-03,E,47.23,12.31
460,G1459,Game_459,Franchise_19,RPG,Xbox,IronOrbit,RedComet Games,2023-04-13,E,57.91,8.81
461,G1460,Game_460,Franchise_0,Simulation,PlayStation,NovaForge,RedComet Games,2022-12-29,T,57.7,11.65
462,G1461,Game_461,Franchise_1,RPG,PlayStation,PixelCore,Apex Interactive,2021-03-12,E,20.89,5.55
463,G1462,Game_462,Franchise_2,Strategy,PC,IronOrbit,NorthStar Publishing,2019-05-20,T,26.3,19.58
464,G1463,Game_463,Franchise_3,RPG,PC,NovaForge,RedComet Games,2021-03-31,M,52.97,26.06
465,G1464,Game_464,Franchise_4,Action,PC,NovaForge,NorthStar Publishing,2021-05-02,M,28.07,18.72
466,G1465,Game_465,Franchise_5,Racing,Xbox,PixelCore,RedComet Games,2018-03-23,E,32.76,10.48
467,G1466,Game_466,Franchise_6,Sports,PC,AtlasWorks,NorthStar Publishing,2021-06-22,T,67.32,5.84
468,G1467,Game_467,Franchise_7,RPG,PlayStation,NovaForge,Apex Interactive,2018-06-17,M,48.0,10.37
469,G1468,Game_468,Franchise_8,Simulation,PlayStation,NovaForge,RedComet Games,2020-05-08,T,57.53,15.4
470,G1469,Game_469,Franchise_9,Action,PC,IronOrbit,RedComet Games,2021-09-08,T,47.89,23.99
471,G1470,Game_470,Franchise_10,Sports,PC,QuantumPlay,NorthStar Publishing,2021-04-10,E,47.62,9.7
472,G1471,Game_471,Franchise_11,Racing,Switch,PixelCore,NorthStar Publishing,2021-03-03,M,24.7,22.99
473,G1472,Game_472,Franchise_12,Sports,PlayStation,PixelCore,RedComet Games,2020-12-06,E,37.17,26.67
474,G1473,Game_473,Franchise_13,Action,Xbox,AtlasWorks,Apex Interactive,2019-10-10,E,34.11,16.35
475,G1474,Game_474,Franchise_14,Adventure,Switch,AtlasWorks,NorthStar Publishing,2023-03-30,M,39.53,25.54
476,G1475,Game_475,Franchise_15,Adventure,PC,PixelCore,NorthStar Publishing,2019-06-19,M,59.91,18.87
477,G1476,Game_476,Franchise_16,Sports,PC,AtlasWorks,NorthStar Publishing,2019-02-23,T,38.59,20.93
478,G1477,Game_477,Franchise_17,Strategy,PlayStation,IronOrbit,RedComet Games,2021-10-03,M,42.57,18.16
479,G1478,Game_478,Franchise_18,Simulation,PC,PixelCore,RedComet Games,2022-01-06,T,39.86,16.58
480,G1479,Game_479,Franchise_19,Simulation,Xbox,AtlasWorks,RedComet Games,2019-10-06,T,24.66,10.87
481,G1480,Game_480,Franchise_0,Sports,PlayStation,PixelCore,RedComet Games,2019-05-04,T,42.04,12.58
482,G1481,Game_481,Franchise_1,RPG,PC,QuantumPlay,Apex Interactive,2019-06-28,M,29.77,12.25
483,G1482,Game_482,Franchise_2,RPG,PlayStation,NovaForge,Apex Interactive,2020-03-21,E,29.33,19.08
484,G1483,Game_483,Franchise_3,Simulation,PC,PixelCore,RedComet Games,2018-09-26,T,24.69,8.0
485,G1484,Game_484,Franchise_4,Simulation,PC,NovaForge,Apex Interactive,2021-10-07,E,37.82,27.92
486,G1485,Game_485,Franchise_5,Adventure,PC,AtlasWorks,NorthStar Publishing,2021-08-14,E,57.86,23.02
487,G1486,Game_486,Franchise_6,Strategy,Xbox,NovaForge,NorthStar Publishing,2019-09-07,M,33.81,15.04
488,G1487,Game_487,Franchise_7,Action,Xbox,PixelCore,NorthStar Publishing,2020-07-25,E,35.61,8.97
489,G1488,Game_488,Franchise_8,RPG,PlayStation,QuantumPlay,RedComet Games,2019-10-10,E,52.12,27.05
490,G1489,Game_489,Franchise_9,Simulation,PC,AtlasWorks,NorthStar Publishing,2023-03-18,M,29.78,25.59
491,G1490,Game_490,Franchise_10,Adventure,PC,PixelCore,Apex Interactive,2022-03-20,T,64.84,23.04
492,G1491,Game_491,Franchise_11,Racing,Xbox,AtlasWorks,RedComet Games,2023-04-01,E,46.0,11.79
493,G1492,Game_492,Franchise_12,Adventure,PC,IronOrbit,Apex Interactive,2018-05-29,M,42.37,15.06
494,G1493,Game_493,Franchise_13,RPG,Xbox,NovaForge,NorthStar Publishing,2018-01-20,E,47.88,7.57
495,G1494,Game_494,Franchise_14,RPG,PC,IronOrbit,NorthStar Publishing,2020-07-27,E,28.29,9.73
496,G1495,Game_495,Franchise_15,Adventure,PlayStation,PixelCore,NorthStar Publishing,2021-06-26,T,50.66,24.58
497,G1496,Game_496,Franchise_16,Action,PC,QuantumPlay,RedComet Games,2021-02-27,E,38.15,22.88
498,G1497,Game_497,Franchise_17,Sports,PC,AtlasWorks,Apex Interactive,2018-07-24,M,64.85,19.84
499,G1498,Game_498,Franchise_18,RPG,Switch,NovaForge,RedComet Games,2018-05-31,E,28.43,27.39
500,G1499,Game_499,Franchise_19,Adventure,Xbox,AtlasWorks,RedComet Games,2021-01-06,T,45.34,19.58
